<?xml version="1.0" encoding="utf-8"?>
<animation-list android:id="@+id/selected"
    android:oneshot="false"
    xmlns:android="http://schemas.android.com/apk/res/android">
    <item android:drawable="@drawable/fw_35" android:duration="1700" />
    <item android:drawable="@drawable/fw_1" android:duration="50" />
    <item android:drawable="@drawable/fw_2" android:duration="50" />
    <item android:drawable="@drawable/fw_3" android:duration="50" />
    <item android:drawable="@drawable/fw_4" android:duration="50" />
    <item android:drawable="@drawable/fw_5" android:duration="50" />
    <item android:drawable="@drawable/fw_6" android:duration="50" />
    <item android:drawable="@drawable/fw_7" android:duration="50" />
    <item android:drawable="@drawable/fw_8" android:duration="50" />
    <item android:drawable="@drawable/fw_9" android:duration="50" />
    <item android:drawable="@drawable/fw_10" android:duration="50" />
    <item android:drawable="@drawable/fw_11" android:duration="50" />
    <item android:drawable="@drawable/fw_12" android:duration="50" />
    <item android:drawable="@drawable/fw_13" android:duration="50" />
    <item android:drawable="@drawable/fw_14" android:duration="50" />
    <item android:drawable="@drawable/fw_15" android:duration="50" />
    <item android:drawable="@drawable/fw_16" android:duration="50" />
    <item android:drawable="@drawable/fw_17" android:duration="50" />
    <item android:drawable="@drawable/fw_18" android:duration="50" />
    <item android:drawable="@drawable/fw_19" android:duration="50" />
    <item android:drawable="@drawable/fw_20" android:duration="50" />
    <item android:drawable="@drawable/fw_21" android:duration="50" />
    <item android:drawable="@drawable/fw_22" android:duration="50" />
    <item android:drawable="@drawable/fw_23" android:duration="50" />
    <item android:drawable="@drawable/fw_24" android:duration="50" />
    <item android:drawable="@drawable/fw_25" android:duration="50" />
    <item android:drawable="@drawable/fw_26" android:duration="50" />
    <item android:drawable="@drawable/fw_27" android:duration="50" />
    <item android:drawable="@drawable/fw_28" android:duration="50" />
    <item android:drawable="@drawable/fw_29" android:duration="50" />
    <item android:drawable="@drawable/fw_30" android:duration="50" />
    <item android:drawable="@drawable/fw_31" android:duration="50" />
    <item android:drawable="@drawable/fw_32" android:duration="50" />
    <item android:drawable="@drawable/fw_33" android:duration="50" />
    <item android:drawable="@drawable/fw_34" android:duration="50" />
    <item android:drawable="@drawable/fw_35" android:duration="2000" />
    <item android:drawable="@drawable/fw_1" android:duration="50" />
    <item android:drawable="@drawable/fw_2" android:duration="50" />
    <item android:drawable="@drawable/fw_3" android:duration="50" />
    <item android:drawable="@drawable/fw_4" android:duration="50" />
    <item android:drawable="@drawable/fw_5" android:duration="50" />
    <item android:drawable="@drawable/fw_6" android:duration="50" />
    <item android:drawable="@drawable/fw_7" android:duration="50" />
    <item android:drawable="@drawable/fw_8" android:duration="50" />
    <item android:drawable="@drawable/fw_9" android:duration="50" />
    <item android:drawable="@drawable/fw_10" android:duration="50" />
    <item android:drawable="@drawable/fw_11" android:duration="50" />
    <item android:drawable="@drawable/fw_12" android:duration="50" />
    <item android:drawable="@drawable/fw_13" android:duration="50" />
    <item android:drawable="@drawable/fw_14" android:duration="50" />
    <item android:drawable="@drawable/fw_15" android:duration="50" />
    <item android:drawable="@drawable/fw_16" android:duration="50" />
    <item android:drawable="@drawable/fw_17" android:duration="50" />
    <item android:drawable="@drawable/fw_18" android:duration="50" />
    <item android:drawable="@drawable/fw_19" android:duration="50" />
    <item android:drawable="@drawable/fw_20" android:duration="50" />
    <item android:drawable="@drawable/fw_21" android:duration="50" />
    <item android:drawable="@drawable/fw_22" android:duration="50" />
    <item android:drawable="@drawable/fw_23" android:duration="50" />
    <item android:drawable="@drawable/fw_24" android:duration="50" />
    <item android:drawable="@drawable/fw_25" android:duration="50" />
    <item android:drawable="@drawable/fw_26" android:duration="50" />
    <item android:drawable="@drawable/fw_27" android:duration="50" />
    <item android:drawable="@drawable/fw_28" android:duration="50" />
    <item android:drawable="@drawable/fw_29" android:duration="50" />
    <item android:drawable="@drawable/fw_30" android:duration="50" />
    <item android:drawable="@drawable/fw_31" android:duration="50" />
    <item android:drawable="@drawable/fw_32" android:duration="50" />
    <item android:drawable="@drawable/fw_33" android:duration="50" />
    <item android:drawable="@drawable/fw_34" android:duration="50" />
    <item android:drawable="@drawable/fw_35" android:duration="50" />
</animation-list>